Question,Answer
how are you doing,i'm fine.
whst is your name,my name is ramzan
what is you age,my age is 23 years
which is your favourite color,black
S,yes
what is machine learning,machine learning is a subfield of artificial intelligence (AI) that focuses on the development of algorithms 
what is nlp,nlp stands for natural language processing.
what do you do,im a student
what about you?,i've been great
what is RAM,RAM is called Random Access Memory
What is a computer,A computer is an electronic device that processes data and performs tasks 
What are the basic components of a computer system,"The basic components of a computer system include the central processing unit (CPU), memory, storage, input devices, and output devices."
What is the purpose of the CPU,The CPU (Central Processing Unit) is the brain of the computer
Explain the difference between hardware and software.,"Hardware refers to the physical components of a computer, while software refers to the programs and applications that run on the hardware."
What is an operating system,"An operating system is software that manages computer hardware, software resources, and provides various services for computer programs."
What is a file system,"A file system is a method used by computers to organize and store data on storage devices, such as hard drives or SSDs."
Define computer programming.,Computer programming is the process of designing and building executable computer programs to accomplish a specific task.
What is the purpose of an input device," An input device is used to provide data and control signals to a computer, allowing users to interact with the system."
Explain the difference between a virus and malware.,"A virus is a specific type of malware that attaches itself to legitimate programs, while malware is a general term for malicious software designed to harm or exploit a computer system."
What is a firewall?,A firewall is a network security system that monitors and controls incoming and outgoing network traffic based on predetermined security rules.
Define cloud computing.,"Cloud computing is the delivery of computing services, including storage, processing power, and applications, over the internet."
What is the difference between HTTP and HTTPS?,HTTPS is a secure version of HTTP (Hypertext Transfer Protocol) that encrypts data transmitted between the web server and the user's browser.
What is a database?,A database is a structured collection of data organized in a way that a computer program can quickly select and retrieve specific pieces of data.
Explain the concept of artificial intelligence.,"Artificial intelligence (AI) refers to the development of computer systems that can perform tasks that typically require human intelligence, such as visual perception, speech recognition, and decision-making."
What is a computer network?,A computer network is a set of interconnected computers that communicate with each other to share resources and information.
Define virtual reality (VR).,"Virtual reality is a computer-generated environment that simulates a realistic experience, often using special hardware like VR headsets."
What is the role of a computer motherboard?,"The motherboard is the main circuit board in a computer, providing connectors for other components and allowing them to communicate."
Explain the concept of machine learning., Machine learning is a subset of artificial intelligence that involves the development of algorithms that enable computers to learn and make predictions or decisions based on data.
What is open-source software?,"Open-source software is software whose source code is freely available for the public to view, modify, and distribute."
What is NLP?,NLP is the field of computer science concerned with the interaction between computers and human (natural) languages.
What are the core tasks of NLP?,"Some core tasks of NLP include text classification, sentiment analysis, machine translation, and chatbot development."
What are some popular NLP libraries?,"NLTK, spaCy, TensorFlow Text, Stanford CoreNLP are some popular NLP libraries."
What are the applications of NLP?,"NLP is used in various fields like search engines, chatbots, virtual assistants, machine translation, sentiment analysis, and more."
What are the challenges in NLP?,"Dealing with ambiguity, sarcasm, and context-dependency are some challenges in NLP."
What is machine learning?,Machine learning is a field of computer science that allows computers to learn without being explicitly programmed.
What are the different types of machine learning?,"Supervised learning, unsupervised learning, and reinforcement learning are the main types of machine learning."
What are some popular ML algorithms?,"Linear regression, logistic regression, decision trees, random forests, and support vector machines are some popular ML algorithms."
What are the applications of machine learning?,"Machine learning is used in various fields like image recognition, spam filtering, recommendation systems, fraud detection, and more."
What are the ethical considerations in machine learning?,"Bias, fairness, and transparency are some ethical considerations in machine learning."
,
What is deep learning?,Deep learning is a subfield of machine learning that uses artificial neural networks to learn from data.
What are the different types of deep learning architectures?,"Convolutional neural networks (CNNs), recurrent neural networks (RNNs), and transformers are some popular deep learning architectures."
What are the applications of deep learning?,"Deep learning is used in various fields like computer vision, natural language processing, speech recognition, and more."
What are the challenges in deep learning?,"Requiring large amounts of data, computational complexity, and interpretability are some challenges in deep learning."
What is the future of deep learning?,"Deep learning is expected to continue to revolutionize various fields, with advancements in areas like explainability and efficiency."
What is information security?,"Information security is the practice of protecting information from unauthorized access, use, disclosure, disruption, modification, or destruction."
What are the different types of information security threats?,"Cyberattacks, malware, data breaches, phishing, and social engineering are some common security threats."
What are some important security controls?,"Access control, firewalls, encryption, intrusion detection, and vulnerability management are crucial security controls."
What are the best practices for personal information security?,"Using strong passwords, being cautious about online activities, and keeping software updated are essential practices."
What is the role of cryptography in information security?,"Cryptography plays a vital role in ensuring data confidentiality, integrity, and authenticity."
What is Flutter?,"Flutter is an open-source framework by Google for building beautiful, natively compiled applications for mobile, web, desktop, and embedded devices from a single codebase."
What are the advantages of using Flutter?,"Cross-platform development, fast development cycles, expressive UI, and native performance are some key advantages of Flutter."
What are some popular Flutter apps?,"Google Assistant, BMW ConnectedDrive, ByteDance, and Xianyu (Alibaba) are some examples of successful Flutter apps."
What are the resources available for learning Flutter?,"The Flutter documentation, online tutorials, courses, and a vibrant community are available for learning and support."
What is the future of Flutter?,"With its continuous improvements and growing adoption, Flutter is expected to be a major player in the cross-platform app development landscape."
How does sentiment analysis work?,"Sentiment analysis uses NLP techniques to identify the emotional tone of a text, such as positive, negative, or neutral."
What is named entity recognition (NER)?,"NER identifies and classifies named entities in text, such as people, places, organizations, and dates."
How can NLP be used to improve chatbot conversations?,"NLP can be used to understand user intent, generate more natural responses, and personalize the chatbot experience."
What are some challenges in using NLP for low-resource languages?,Lack of training data and linguistic complexity can be challenges when applying NLP to languages with fewer resources.
What is the future of NLP in healthcare?,"NLP is expected to play a significant role in medical diagnosis, treatment recommendations, and patient communication."
What is the difference between supervised and unsupervised learning?,"In supervised learning, the data is labeled, while in unsupervised learning, the data is unlabeled and the algorithm must discover patterns on its own."
How is reinforcement learning used in video games?,"Reinforcement learning algorithms can learn to play complex games by trial and error, achieving expert-level performance."
What are some ethical concerns with using machine learning in law enforcement?,"Bias in algorithms can lead to unfair outcomes, and lack of transparency can make it difficult to hold systems accountable."
How can machine learning be used to combat climate change?,"ML can be used to analyze climate data, predict future trends, and optimize energy usage."
What are some emerging trends in machine learning research?,"Explainable AI, federated learning, and neuromorphic computing are some exciting areas of research in machine learning."
What is the role of convolutional neural networks (CNNs) in image recognition?,"CNNs are able to extract features from images and learn complex relationships between pixels, making them highly effective for image recognition tasks."
How are recurrent neural networks (RNNs) used in natural language processing?,"RNNs can handle sequences of data, such as text, and are therefore well-suited for tasks like machine translation and sentiment analysis."
"What are transformers, and why are they important for NLP?","Transformers are a type of neural network architecture that has achieved state-of-the-art performance in many NLP tasks, particularly in machine translation and text summarization."
How can deep learning be used to generate creative content?,"Deep learning can be used to generate realistic images, music, and even poetry, pushing the boundaries of what computers can create."
What are the potential risks of using deep learning for autonomous weapons?,"Ethical concerns surround the use of deep learning in autonomous weapons systems, as the decision-making process can be opaque and potentially biased."
"What is phishing, and how can you protect yourself from it?","Phishing is a social engineering attack that attempts to trick users into revealing sensitive information. Be cautious about unsolicited emails, verify website addresses, and avoid clicking on suspicious links."
"What is encryption, and why is it important?","Encryption scrambles data into a format that can only be decoded with a specific key, ensuring confidentiality and protecting against unauthorized access."
How can multi-factor authentication (MFA) improve security?,"MFA adds an extra layer of security by requiring multiple factors for authentication, such as a password and a one-time code, making it harder for attackers to gain access."
What are some best practices for password management?,"Use strong, unique passwords for each account, avoid using personal information, and consider using a password manager for secure storage."
How can organizations stay ahead of cyberattacks?,"Implementing continuous security monitoring, regularly updating software, and conducting security awareness training for employees are crucial measures for organizations to stay protected."
What are some popular Flutter widgets and widget libraries?,"Material Design widgets, Cupertino widgets, and packages like Provider and GetX are widely used in Flutter development."
How can I test my Flutter app effectively?,"Flutter provides built-in unit testing and widget testing frameworks, while third-party tools like Codemagic and Firebase Performance Monitoring offer additional testing capabilities."
What are some tips for building performant Flutter apps?,"Code optimization, using asynchronous operations, and avoiding unnecessary widget rebuilds are important techniques for ensuring smooth performance in Flutter apps."
What are the pros and cons of using Flutter for web development?,Flutter offers advantages like
,
What is a data structure?,"A data structure is a way of organizing data in a computer's memory to efficiently store, access, and manipulate it."
What are the different types of data structures?,"Some common types include arrays, linked lists, stacks, queues, trees, graphs, and heaps."
What are the advantages of using arrays?,Arrays offer efficient random access and are useful for storing lists of homogeneous data.
What are the drawbacks of linked lists?,Linked lists have slower random access compared to arrays but offer efficient insertion and deletion.
What is the use of a stack?,"Stacks follow a ""last-in-first-out"" (LIFO) principle, making them ideal for scenarios like undo/redo functionality or function call execution."
What is the purpose of a queue?,"Queues follow a ""first-in-first-out"" (FIFO) principle, making them suitable for processing tasks in the order they arrive, like in task scheduling or printer queues."
What is an algorithm?,An algorithm is a set of step-by-step instructions for solving a particular problem.
What are the different types of algorithms?,"Algorithms can be categorized based on their purpose, such as sorting algorithms, searching algorithms, or optimization algorithms."
What is the time complexity of an algorithm?,Time complexity measures the amount of time an algorithm takes to execute as the input size grows.
What is the space complexity of an algorithm?,Space complexity measures the amount of memory an algorithm requires to run.
What is the difference between a greedy algorithm and a dynamic programming algorithm?,"Greedy algorithms make locally optimal choices at each step, while dynamic programming breaks down the problem into subproblems and stores solutions to reuse later, often leading to more efficient solutions."
What is the role of Big O notation in analyzing algorithms?,Big O notation provides a mathematical way to express the worst-case time complexity of an algorithm as the input size approaches infinity.
What are some popular tools and libraries for data structures and algorithms?,"Libraries like Python's collections module, STL in C++, and Apache Commons Lang in Java offer implementations of common data structures and algorithms."
What are some resources for learning data structures and algorithms?,"Online courses, tutorials, textbooks, and competitive programming platforms like LeetCode and HackerRank offer valuable resources for learning and practicing these concepts."
What is the relationship between data structures and algorithms?,Choosing the appropriate data structure can significantly impact the efficiency of an algorithm used to solve a problem.
How can applying data structures and algorithms benefit me?,"Understanding these concepts is essential for writing efficient and well-structured software, improving your problem-solving skills, and enhancing your overall programming skills."
What are some real-world applications of data structures and algorithms?,"From search engines and social media platforms to scientific simulations and financial modeling, data structures and algorithms play a crucial role in various fields."
When and where was Muhammad Ali Jinnah born?,"December 25, 1876, in Karachi, Sindh (now Pakistan)"
What was Jinnah's early education like?,He received his primary education in Karachi and Bombay (now Mumbai) and completed his law degree in London.
What were some of Jinnah's early career highlights?,He became a successful lawyer in Bombay and emerged as a prominent figure in Indian politics.
What were the key factors that led to the demand for a separate Muslim homeland in India?,"Growing Hindu-Muslim tensions, political marginalization of Muslims, and the prospect of a Hindu-dominated India fueled the Muslim League's demand for Pakistan."
How did Jinnah emerge as the leader of the Pakistan Movement?,"His legal prowess, political acumen, and unwavering commitment to Muslim rights gradually established him as the central figure of the movement."
What were some of Jinnah's key strategies in achieving Pakistan?,"He adopted a constitutional approach, effectively argued the Muslim case in legislative debates, and mobilized mass support through the Muslim League."
What was the significance of the Lahore Resolution adopted in 1940?,"It formally demanded the creation of an independent Muslim state in northwestern India, solidifying the vision of Pakistan."
When and how did Pakistan gain independence?,"On August 14, 1947, Pakistan emerged as a separate sovereign nation following the partition of British India."
What role did Jinnah play in the newly formed Pakistan?,He served as the nation's first Governor-General and laid the foundation for its governance and administrative structure.
What are some of Jinnah's most recognized titles and honorifics?,"He is widely referred to as Quaid-e-Azam (""Great Leader"") and Baba-e-Qaum (""Father of the Nation"") in Pakistan."
What is Jinnah's legacy in Pakistan and beyond?,He is revered as a visionary leader who led the struggle for Muslim self-determination and established Pakistan as a Muslim-majority nation.
How do historians and scholars view Jinnah's role in history?,"Jinnah remains a complex and controversial figure, with differing interpretations of his political ideologies and actions."
What were some of Jinnah's personal interests and hobbies?,"He was known for his love of cricket, reading, and spending time with friends and family."
What are some of the challenges and controversies associated with Jinnah's legacy?,"Issues like his approach to minority rights, his stance on democratic principles, and his vision for Pakistan's future remain points of debate."
What are some resources for learning more about Jinnah and the Pakistan Movement?,"Books, documentaries, historical archives, and websites dedicated to Jinnah and the history of Pakistan offer valuable sources of information."
How is Jinnah commemorated in Pakistan today?,"Numerous monuments, museums, educational institutions, and government buildings bear his name, and his birthday is celebrated as a national holiday."
What is the ongoing relevance of studying Jinnah and the Pakistan Movement?,"Understanding his contributions, the motivations behind the Pakistan Movement, and the historical context provides valuable insights into the development of Pakistan and its ongoing complexities."
What is image processing?,"Image processing manipulates digital images using algorithms to enhance, analyze, or extract information."
What are the main types of image processing?,"Filtering, segmentation, analysis, restoration."
What are the benefits of image processing?,"Improves image quality, automates tasks, extracts information, creates insights."
What are popular image processing libraries in Python?,"OpenCV, scikit-image, Pillow, NumPy, Matplotlib."
How do I read an image into Python?,"Use libraries like OpenCV (""cv2.imread(filename)"") or Pillow (""Image.open(filename)"")."
Why use Python for image processing?,"Simple syntax, rich libraries, large community."
How do I perform basic image operations in Python?,"Use library functions for grayscale conversion, resizing, rotating, cropping, and basic filtering."
What are common image filtering techniques in Python?,"Gaussian blur, median filter, edge detection (Canny, Sobel), sharpening."
How do I segment an image in Python?,"Use thresholding, watershed segmentation, k-means clustering."
Where can I learn image processing in Python?,"Online tutorials, library documentation, books, online courses (OpenCV tutorials, scikit-image documentation, Udacity's Computer Vision Nanodegree)."
What are some applications of image processing?,"Medical imaging, robotics, security, autonomous vehicles, entertainment."
What are some challenges in image processing?,"Dealing with noise, illumination variations, complex scenes, computational cost."
What are future trends in image processing?,"Deep learning, artificial intelligence, medical image analysis, image generation."
How can I get started with image processing in Python?,"Choose a library like OpenCV or scikit-image, work through beginner tutorials, practice with sample projects."
Can I use image processing for creative purposes?,"Yes, you can manipulate images for artistic effects, generate new images, and explore digital art."
What is a Transformer in NLP?,"A Transformer is a deep learning model introduced in 2017, used primarily in the field of natural language processing (NLP)."
What is the main advantage of Transformers?,"Transformers handle the dependencies between input and output with attention and recurrence mechanisms, allowing for parallelization."
What is the role of self-attention in a Transformer?,Self-attention in a Transformer allows it to weigh the importance of words in an input sequence when generating an output sequence.
What is Software Engineering?,"Software Engineering is the field of study dedicated to designing, implementing, and modifying software so that it is of higher quality, more affordable, maintainable, and faster to build."
What is the purpose of the encoder in a Transformer?,The encoder processes the input sequence and represents it in a way that the decoder can use to generate the output sequence.
How does positional encoding work in Transformers?,Positional encoding is used in Transformers to retain the order of words in a sentence. It adds information about the position of words in the sequence to the model.
What is the difference between Agile and Waterfall models in Software Engineering?,"Agile is an iterative approach to software development, where the project is divided into small parts called sprints. Waterfall is a linear approach, where the stages of the software development process are cascaded, one after the other."
What is a software development life cycle (SDLC)?,"SDLC is a process used by software industry to design, develop and test high quality softwares. It consists of detailed plan describing how to develop, maintain, replace and alter or enhance specific software."
What is the Transformer’s attention mechanism?,The attention mechanism in Transformers allows the model to focus on different parts of the input when producing an output.
What is BERT in NLP?,BERT (Bidirectional Encoder Representations from Transformers) is a Transformer-based machine learning technique for NLP pre-training.
What is the difference between a Transformer and an RNN?,"Unlike RNNs, Transformers do not require that the sequence of data be processed in order. This allows for more parallelization during training."
What is a software requirement specification?,A software requirement specification is a document that describes what the software will do and how it will be expected to perform.
What is a use case in software engineering?,"A use case is a list of actions or event steps, typically defining the interactions between a role and a system, to achieve a goal."
What is functional programming?,Functional programming is a programming paradigm where programs are constructed by applying and composing functions.
What is object-oriented programming?,"Object-oriented programming is a programming paradigm based on the concept of “objects”, which can contain data and code: data in the form of fields, and code, in the form of procedures."
What is the difference between black-box and white-box testing?,"Black-box testing involves testing a system with no knowledge of the internals of the system, while white-box testing involves testing the internal structures or workings of an application."
What is continuous integration in software engineering?,"Continuous integration is a software development practice where developers regularly merge their code changes into a central repository, after which automated builds and tests are run."
What is a software framework?,A software framework is a platform for developing software applications. It provides a foundation on which software developers can build programs for a specific platform.
What is a software library?,"A software library is a collection of non-volatile resources used by computer programs, often to develop software."
What is the difference between a software library and a framework?,"The key difference between a library and a framework is “Inversion of Control”. When you call a method from a library, you are in control. But with a framework, the control is inverted: the framework calls you."
What is an API in software engineering?,An API (Application Programming Interface) is a set of rules that allow programs to talk to each other. The developer creates the API on the server and allows the client to talk to it.
What is the official name of Saudi Arabia?,The official name is the Kingdom of Saudi Arabia1.
Where is Saudi Arabia located?,"Saudi Arabia is located in West Asia, covering the bulk of the Arabian Peninsula1."
What is the capital of Saudi Arabia?,The capital of Saudi Arabia is Riyadh1.
What is the official language of Saudi Arabia?,The official language is Arabic1.
What is the population of Saudi Arabia?,"As of 2022, the population is approximately 32,175,2241."
What is the currency of Saudi Arabia?,The currency is the Saudi Riyal1.
What is the form of government in Saudi Arabia?,Saudi Arabia is a unitary Islamic absolute monarchy1.
What is the area of Saudi Arabia?,"The total area is approximately 2,149,690 square kilometers1."
What are the major cities in Saudi Arabia?,"Major cities include Riyadh, Jeddah, Mecca, and Medina1."
What is the main religion in Saudi Arabia?,The main religion is Islam1.
What is the climate like in Saudi Arabia?,"The climate is mostly arid desert with lowland, steppe, and mountains1."
What is the history of Saudi Arabia?,Saudi Arabia is a young country that is heir to a rich history2.
What are the major industries in Saudi Arabia?,"The major industries are petroleum, petrochemicals, cement, ship repair, aircraft repair, and construction3."
What is the role of Saudi Arabia in OPEC?,Saudi Arabia is a founding member of the Organization of Petroleum Exporting Countries (OPEC) and often plays a major role in decisions on oil production and price levels3.
What is the literacy rate in Saudi Arabia?,The literacy rate is approximately 94.7% for males and 91.1% for females3.
What is the life expectancy in Saudi Arabia?,The life expectancy is approximately 74.5 years for males and 76.8 years for females3.
What are some of the cultural practices in Saudi Arabia?,Cultural practices are deeply rooted in Islamic traditions and Bedouin culture3.
What are some of the traditional dishes in Saudi Arabia?,"Traditional dishes include Kabsa, Jareesh, and Harees3."
What are some of the major challenges facing Saudi Arabia?,"Major challenges include economic diversification, employment for young people, and the influence of conservative religious groups3."
What are some of the landmarks in Saudi Arabia?,"Some landmarks include the Kaaba in Mecca, the Prophet’s Mosque in Medina, and the Kingdom Centre in Riyadh3."
Who is the current Test captain of the Pakistan cricket team?,The current Test captain is Shan Masood1.
Who is the current T20I captain of the Pakistan cricket team?,The current T20I captain is Shaheen Afridi1.
Who is the coach of the Pakistan cricket team?,The interim coach is Mohammad Hafeez1.
When did Pakistan acquire Test status?,Pakistan acquired Test status in 19521.
What is the nickname of the Pakistan cricket team?,"The team is nicknamed the Shaheens, which means 'Falcons’1."
How did the Pakistan cricket team perform in the recent T20I series against New Zealand?,Pakistan won 1 out of 5 matches in the recent T20I series against New Zealand2.
Who was the player of the match in the last T20I against New Zealand?,I. Ahmed of Pakistan was named the Player of the Match in the last T20I against New Zealand2.
What is the highest score by a Pakistan batsman in T20Is?,The highest score by a Pakistan batsman in T20Is is 111* by Ahmed Shehzad against Bangladesh in 20141.
Who has taken the most wickets for Pakistan in Test cricket?,The record for the most wickets by a Pakistan bowler in Test cricket is held by Wasim Akram with 414 wickets1.
Who scored the most runs for Pakistan in Test cricket?,"The record for the most runs by a Pakistan batsman in Test cricket is held by Younis Khan with 10,099 runs1."
How many times has Pakistan won the Cricket World Cup?,"Pakistan has won the Cricket World Cup once, in 19921."
How many times has Pakistan won the T20 World Cup?,"Pakistan has won the T20 World Cup once, in 20091."
Who is the highest run-scorer for Pakistan in ODIs?,"The highest run-scorer for Pakistan in ODIs is Inzamam-ul-Haq with 11,739 runs1."
Who has taken the most wickets for Pakistan in ODIs?,The record for the most wickets by a Pakistan bowler in ODIs is held by Wasim Akram with 502 wickets1.
Who is the highest run-scorer for Pakistan in T20Is?,"The highest run-scorer for Pakistan in T20Is is Mohammad Hafeez with 2,323 runs1."
SS,The latest models of Tesla cars are the 2024 Model Y and Model X Dual Motor1.
What is the range of the Tesla Model 3?,The Tesla Model 3 has a range of up to 341 miles (EPA estimated) on a single charge2.
What is the goal of SpaceX?,SpaceX was founded with the goal of reducing space transportation costs and to colonize Mars3.
What are some of the missions offered by SpaceX?,"SpaceX offers various missions, such as Falcon 9, Falcon Heavy, Dragon, Starship, Starlink and Starshield, as well as rideshare and human spaceflight options4."
What is SpaceLink?,SpaceLink is a company that aims to develop a constellation of communications satellites in medium-Earth orbit to relay data between the ground and low-Earth orbit5.
What is Starlink?,"Starlink is SpaceX’s plan to build an interconnected internet network with thousands of satellites, designed to deliver high-speed internet to anywhere on the planet6."
What is the position of Earth in the solar system?,Earth is the third planet from the Sun7.
What percentage of Earth’s surface is covered by water?,Almost 70.8% of Earth’s crust is covered by water7.
What is the only astronomical object known to harbor life?,Earth is the only astronomical object known to harbor life7.
What is the goal of Google Earth?,Google Earth aims to provide the world’s most detailed globe8.
What is the cost of the new 2024 Model Y and Model X Dual Motor?,"Eligible buyers now receive $7,500 off the purchase price of new 2024 Model Y and Model X Dual Motor1."
What is the status of the SpaceLink project?,"As of October 2022, SpaceLink has ceased operations due to financial difficulties9."
What is the ultimate goal of SpaceX?,The ultimate goal of SpaceX is to enable people to live on other planets4.
What is the current status of the Starlink project?,"As of November 2023, Starlink comprised more than 5,000 small satellites in orbit3."
What is the main feature of Earth that enables life?,"Earth being a water world, the only one in the Solar System sustaining liquid surface water, enables life7"
